domain;gizlilik_sozlesmesi
bdo.com.tr;Hayır
ozakglobal.com;Hayır
ozakgyo.com;Hayır
kadifeteks.com;Hayır
yalchen.com;Hayır
mazayarealestate.com;Hayır
rsm.com.kw;Hayır
sm-yildirimhukuk.com;Hayır
siberson.com;Hayır
besttransformer.com;Hayır
82salipazari.com.tr;Hayır
turkgold.com;Hayır
sunmedilac.com;Hayır
aschukuk.com;Hayır
garantibbva.com.tr;Hayır
halkbank.com.tr;Hayır
qnb.com.tr;Hayır
teb.com.tr;Hayır
vakifbank.com.tr;Hayır
ziraatbank.com.tr;Hayır
tlcklima.com;Hayır
nfagrup.com;Hayır
desmerguvenlik.com.tr;Hayır
doorest.com.tr;Hayır
efekstextile.com;Hayır
titanic-hotels.com;Hayır
mustafacelik.av.tr;Hayır
paytr.com;Hayır
maviguvenlik.com;Hayır
hotmail.com;Hayır
kromancelik.com.tr;Hayır
royalmotors.com.tr;Hayır
pwc.com;Hayır
tr.pwc.com;Hayır
gmail.com;Hayır
tr.ey.com;Hayır
hedefdisticaret.com;Hayır
gokser.com;Hayır
cisco.com;Hayır
smart.com.tr;Hayır
smartsolar.com.tr;Hayır
zkb.ch;Hayır
koksaldanismanlik.com;Hayır
subasi.net;Hayır
irmakmetal.com.tr;Hayır
kale.com.tr;Hayır
deloitte.com;Var
intercityfilo.com;Hayır
bpet.com.tr;Hayır
bolerosocks.com;Hayır
teknoserbilisim.com;Hayır
gucluipek.com.tr;Hayır
superonline.com;Hayır
zulbaharoglu.com;Hayır
yahoo.com;Hayır
solkatekstil.com;Hayır
elazig.bel.tr;Hayır
mutabakat.kpmg.com.tr;Hayır
ensar.org;Hayır
keskincolor.com;Hayır
oksid.com.tr;Hayır
dfcpet.com;Hayır
debateks.com;Hayır
architecht.com;Hayır
moneygram.com;Hayır
guvenlikegitimi.com;Hayır
icloud.com;Hayır
Beypilic.com.tr;Hayır
enerjisauretim.com;Hayır
vako.com.tr;Hayır
hafele.com.tr;Hayır
namet.com.tr;Hayır
bizimtoptan.com.tr;Hayır
pladisglobal.com;Hayır
ankorholding.com;Hayır
tosyaliholding.com.tr;Hayır
intersunger.com.tr;Hayır
ciftay.com.tr;Hayır
karardenetim.com.tr;Hayır
kpmg.com;Hayır
oyakcimento.com;Hayır
klvgroup.com;Hayır
enerjisa.com;Hayır
vakko.com.tr;Hayır
ocaklaret.com;Hayır
ajintgroup.com;Hayır
vaillant-group.com;Hayır
karyer-tatmak.com;Hayır
fiesta.com.tr;Hayır
gozutokmetal.com.tr;Hayır
renault.com.tr;Hayır
param.com.tr;Var
turkpara.com.tr;Hayır
srlinsaat.com.tr;Hayır
ankaraprofesyonel.com.tr;Hayır
imer.com;Var
kosifler.com.tr;Hayır
neova.com.tr;Hayır
sigortahukukdanismanlik.com;Hayır
ktportfoy.com.tr;Hayır
partner.samsung.com;Hayır
sistemal.com;Hayır
mutlu.av.tr;Var
usluhukuk.com;Hayır
katilimkefalet.com.tr;Hayır
ikahukuk.com;Hayır
ykacente.com;Hayır
yurticikargo.com;Hayır
igsas.com.tr;Hayır
ktsaglamgayrimenkul.com.tr;Hayır
ticaret.edu.tr;Hayır
outlook.com.tr;Hayır
erdegervip.com;Hayır
birimlaboratuvari.com;Hayır
kuralkan.com.tr;Hayır
bmeia.gv.at;Hayır
cihanderi.com;Hayır
gulsanaluminyum.com;Hayır
muhasebat.com.tr;Hayır
koctas.com.tr;Hayır
ozbekcpa.com;Hayır
atilgan.com;Hayır
atilgan.com.tr;Hayır
kiliclaryapiinsaat.com;Hayır
msghukuk.com;Var
brisa.com.tr;Hayır
panter.samsung.com;Hayır
al-kor.com.tr;Hayır
hilaltrans.com;Hayır
gumustasmaden.com.tr;Hayır
aysis.org;Hayır
smskopuz.com.tr;Hayır
kiliclaryapi.com;Hayır
lidio.com;Hayır
sipay.com.tr;Hayır
ozyapicilar.com;Hayır
inoled.com.tr;Hayır
diyalogosgb.com.tr;Hayır
turkishbank.com;Hayır
viadmc.com;Hayır
viaprp.com;Hayır
dinamikotomotiv.com.tr;Hayır
liftmanmakina.com;Hayır
tbayi.turktraktor.com.tr;Hayır
mynet.com;Hayır
biltekokullari.com;Hayır
renault-trucks.com;Hayır
acarlaras.com.tr;Hayır
enka.com.tr;Hayır
kt-bank.de;Hayır
albarakaturk.com.tr;Hayır
dogusoto.com;Hayır
seashellhotels.com.tr;Hayır
hangikredi.com;Var
akasyapi.com.tr;Hayır
yapi24.com.tr;Hayır
ercal.com.tr;Hayır
mdhmakel.com;Hayır
tupteks.com;Hayır
sakuraambalaj.com;Hayır
fibabanka.com.tr;Hayır
taksitlio.com;Hayır
asf.com.tr;Hayır
imperitech.com;Var
aonsolutions.com.tr;Hayır
avod.com.tr;Hayır
caganpackaging.com;Hayır
askogloball.com;Hayır
atilimekspertiz.com.tr;Hayır
mst-tr.com;Hayır
selimbilen.net;Hayır
wsebroker.com;Hayır
korfezgyo.com.tr;Hayır
cankargo.com;Hayır
destekbank.com;Hayır
ekmasgroup.com.tr;Hayır
aydintekstil.com;Hayır
konmetsan.com;Hayır
zonturdemircelik.com;Hayır
psdisticaret.com.tr;Hayır
otokoc.com.tr;Hayır
setmedikal.com.tr;Hayır
toyotagurses.com.tr;Hayır
mineerdem.com;Var
kpmg.com.tr;Hayır
havelsan.com.tr;Hayır
asimato.com.tr;Hayır
coskunerler.com;Hayır
saruhan.com.tr;Hayır
chronosconsulting.com;Hayır
tigris.com.tr;Hayır
partner.otokoc.com.tr;Hayır
partner.otokocotomotiv.com.tr;Hayır
hisrmotors.com.tr;Hayır
metropoltip.com.tr;Hayır
karslioglu.com.tr;Hayır
zadesigorta.com.tr;Hayır
danisgrup.com;Hayır
hepsiburada.com;Var
windoform.com;Hayır
nehir.com.tr;Hayır
afko.com.tr;Hayır
cekok.com.tr;Hayır
kuveytturkyatirim.com.tr;Hayır
matriksdata.com;Hayır
cyberwise.com;Hayır
cyberwise.com.tr;Var
akrahotels.com;Hayır
tesla.com;Hayır
THY.COM;Var
moodys.com;Hayır
netmera.com;Hayır
hicazbaharat.com;Hayır
turktelekom.com.tr;Var
dritatekstil.com;Hayır
borsakonya.com.tr;Hayır
mezopotamyaupak.com.tr;Hayır
tglgumruk.com.tr;Hayır
trivitale.com;Hayır
marmaraupak.com.tr;Hayır
akdenizupak.com.tr;Hayır
anadoluupak.com.tr;Hayır
elusmarket.com.tr;Hayır
isildar.com.tr;Hayır
msn.com;Hayır
izu.edu.tr;Hayır
cemaloglu.com;Hayır
muhiku.com;Hayır
bilgehukuk.gen.tr;Var
katilimemeklilik.com;Hayır
katilimemeklilik.com.tr;Hayır
mayfren.com;Hayır
soumarship.com;Hayır
loomis.com;Var
birosgb.com;Hayır
ys.renault.com.tr;Hayır
antalyamarble.com;Hayır
ticaret.go;Hayır
Bankfab.com;Hayır
bankfab.com;Hayır
pekin-pekin.com;Hayır
showmarket.com.tr;Hayır
makliftsan.com.tr;Hayır
citi.com;Hayır
turkcell.com.tr;Hayır
arkoto.com;Hayır
iscihukuk.com;Var
hikmetgida.com.tr;Hayır
kaanlar.com.tr;Hayır
hpe.com;Hayır
bnymellon.com;Hayır
remed.com.tr;Hayır
ecoloni.com;Hayır
reisswolf.com.tr;Hayır
amt.com.tr;Hayır
asc.com.tr;Hayır
uyum.com.tr;Hayır
izka.com.tr;Hayır
tarikcelikkol.com;Hayır
teknikoto.com;Hayır
borusanoto.com;Hayır
hasel.com;Hayır
brothersandpartners.com.tr;Hayır
otoplan.com.tr;Hayır
antinsaat.com;Hayır
turuncuholding.com.tr;Hayır
ismailorhantasimacilik.com.tr;Hayır
somposigorta.com.tr;Hayır
mkk.com.tr;Hayır
turib.com.tr;Hayır
talay.com;Hayır
nativebs.com;Hayır
pancom.com.tr;Hayır
beyoglucikolata.com;Hayır
hsbc.co.in;Hayır
hsbc.com;Hayır
noexternalmail.hsbc.com;Hayır
us.hsbc.com;Hayır
aydinteknikservis.com;Hayır
tamambalaj.com;Hayır
savronik.com.tr;Hayır
kudokudo.com;Hayır
tunaelektrik.net;Hayır
karakayalimited.com;Hayır
uyumsoft.com;Var
tnb.org.tr;Hayır
atar.com.tr;Hayır
ilbeygroup.com;Hayır
pttparalojistik.com.tr;Hayır
eksun.com.tr;Hayır
fagomedical.com;Hayır
wikars.com;Hayır
zenovacarpet.com.tr;Hayır
arcaplastik.com;Hayır
emlakkatilim.com.tr;Hayır
gdenerji.com;Hayır
makelinsulation.eu;Hayır
proemtia.com;Hayır
nikel.com.tr;Hayır
gamaalliance.com;Hayır
fatihrusen.av.tr;Hayır
SC.COM;Hayır
sratrading.com;Hayır
birgelecekkurtar.org.tr;Hayır
teknocompany.com;Hayır
diyalogosb.com.tr;Hayır
vakifyatirim.com.tr;Hayır
uipath.com;Hayır
olexfilms.com;Hayır
mevag.com;Hayır
vava.cars;Hayır
togg.com.tr;Hayır
oncusalca.com.tr;Hayır
hidromek.com.tr;Hayır
baroto.com.tr;Hayır
optimumgida.com;Hayır
sinerjiworld.com;Hayır
yapikredi.com.tr;Hayır
mfa.gov.hu;Hayır
ozyep.com.tr;Hayır
ozcemay.com;Hayır
aztekteknoloji.com;Hayır
tmsf.org;Hayır
hizco.com;Hayır
karatashukuk65.com;Hayır
aselsan.com;Hayır
muratlojistik.com.tr;Hayır
yelermuhasebe.com;Hayır
fortes.com.tr;Hayır
merboy.com.tr;Hayır
keas.com.tr;Hayır
iremzemin.com;Hayır
emmac.com.tr;Hayır
techasay.com;Hayır
vodafone.com;Hayır
hechaistif.com;Hayır
ihsteknoloji.freshservice.com;Hayır
areslogistics.com.tr;Hayır
bcg.com;Hayır
aksa.com.tr;Hayır
qnbleasing.com.tr;Hayır
garantibbvaleasing.com.tr;Hayır
ihracatigelistirme.com.tr;Hayır
sanipak.com.tr;Hayır
fedex.com;Hayır
avmeryemaydinsirin.com;Hayır
kisbu.com;Hayır
kisbu.com.tr;Hayır
ic.com.tr;Hayır
ictas.com.tr;Hayır
ictasenerji.com.tr;Hayır
teverpan.com;Hayır
vatanbilgisayar.com;Hayır
damasko.com.tr;Hayır
gurmen.com.tr;Hayır
getheltia.com;Hayır
pkep.com.tr;Hayır
compro.com.tr;Hayır
metlife.com.tr;Hayır
cetinlerarcelik.com;Hayır
maviyesilturizm.com;Hayır
carbongate.io;Hayır
ballipinar.com;Hayır
otoshops.com;Hayır
unigen.com.tr;Hayır
grirent.com;Hayır
lufian.com.tr;Hayır
avek.com.tr;Hayır
viahukuk.com;Hayır
dtr.kyocera.com;Hayır
marmarailahiyatvakfi.org;Hayır
ozper.com.tr;Hayır
bydalj.com.tr;Hayır
turexturizm.com.tr;Hayır
procenne.com;Hayır
beyaz.net;Hayır
eminevim.com.tr;Hayır
pharmarosso.com;Hayır
er-tok.com.tr;Hayır
palmiyedokuma.com;Hayır
horozelektrik.com;Hayır
postrans.com.tr;Hayır
sinbo.com;Hayır
reterm.com;Hayır
aidata.com.tr;Hayır
goldengida.com;Hayır
diyologosgb.com.tr;Hayır
a90yapi.com;Hayır
erdemhukukburosu.com;Hayır
intetra.com.tr;Hayır
platformturizm.com;Hayır
halicdenetim.com;Hayır
mercanoptik.com.tr;Hayır
otis.com;Hayır
hakimaluminyum.com.tr;Hayır
odakhukuk.com;Hayır
geplatform.org;Hayır
toysan.com.tr;Hayır
3a-parts.com;Hayır
modulmer.com.tr;Hayır
torosgaz.com.tr;Hayır
pkf.com.tr;Hayır
bogazicipolimer.com.tr;Hayır
ubs.com.tr;Hayır
reismakina.com;Hayır
yilmazerpetrol.com.tr;Hayır
astoras.com.tr;Hayır
derbak.com.tr;Hayır
tkbb.org.tr;Hayır
federalmarble.com.tr;Hayır
satirogluholding.com;Hayır
bolukbasiekspertiz.com;Hayır
emirtrafik.com.tr;Hayır
taskasap.com.tr;Hayır
smmmharunyalcin.com.tr;Hayır
kunet.com.tr;Hayır
abc.k12.tr;Hayır
belemirebatlama.com;Hayır
hepiyi.com.tr;Hayır
ozcanpamuk.com;Hayır
habas.com.tr;Hayır
zarataahhut.com.tr;Hayır
turkiyesigorta.com.tr;Hayır
beratmarble.com;Hayır
kiler.com.tr;Hayır
uygunfly.com.tr;Hayır
360t.com;Hayır
kfh.com;Hayır
meliketekstil.com;Hayır
isbank.com.tr;Hayır
yapikredi.com.t;Hayır
konfor.com.tr;Hayır
akcam.com;Hayır
fuzulev.com.tr;Hayır
fuzulgyo.com.tr;Hayır
fuzulholding.com.tr;Hayır
avmehmetalkan.com;Hayır
AT.FCM.TRAVEL;Hayır
rbinternational.com;Hayır
aykopgemi.com;Hayır
alaaddin-tr.com;Hayır
bkm.com.tr;Hayır
ziraatteknoloji.com;Hayır
dezza.com.tr;Hayır
sahsuvaroglugrup.com.tr;Hayır
bonip.com.tr;Hayır
marmarahonda.com;Hayır
birun.com;Hayır
vatekcevre.com;Hayır
intecro.com.tr;Hayır
tr.biobilisim.com;Hayır
sinter-metal.com;Hayır
qib.com.qa;Hayır
milimgrup.com;Hayır
kizilay.com.tr;Hayır
kizilay.org.tr;Hayır
kiranofis.com;Hayır
logo.com.tr;Hayır
microsoft.com;Hayır
ersanlojistik.com;Hayır
aviomakina.com;Hayır
promisetourism.com.tr;Hayır
elbir.com.tr;Hayır
polipa.com;Hayır
buvakif.org.tr;Hayır
kapitalfilo.com;Hayır
safas.com.tr;Hayır
rubikpara.com;Hayır
db.com;Hayır
canlarfruit.com;Hayır
sahincelikgranit.com.tr;Hayır
pasaliet.com.tr;Hayır
mimmuh.com.tr;Hayır
canotomotiv.com.tr;Hayır
arils.ai;Hayır
sagapolimer.com;Hayır
iderparts.co.uk;Hayır
efeayakkabi-tr.com;Hayır
ryforklift.com.tr;Hayır
nefmenfez.com;Hayır
digiturk.com.tr;Hayır
denizbank.com;Hayır
akbank.com;Hayır
turkiyefinans.com.tr;Hayır
vakifkatilim.com.tr;Hayır
xn--yapkredi-vkb.com.tr;Hayır
ykleasing.com.tr;Hayır
ziraatkatilim.com.tr;Hayır
INTESASANPAOLO.COM;Hayır
elsabilisim.com;Hayır
eshbilisim.com;Hayır
akbank.de;Hayır
cakmak.av.tr;Hayır
gkcpartners.com;Hayır
icbc.com.tr;Hayır
icbcyatirim.com.tr;Hayır
limak.com.tr;Hayır
list.db.com;Hayır
wfw.com;Hayır
whitecase.com;Hayır
adalethukukburosu.com;Hayır
yozgateo.org.tr;Hayır
hsbc.com.tr;Hayır
sentetikkarbon.com.tr;Hayır
atisgrup.com.tr;Hayır
tekstilendustri.com.tr;Hayır
lampist.com;Hayır
alrajhibank.com.sa;Hayır
birlesikmetal.com.tr;Hayır
3dm.com.tr;Hayır
c2t.com.tr;Hayır
prometeia.com;Hayır
baykar.biz;Hayır
baog.com.tr;Hayır
gurlesinzuccaciye.com;Hayır
sultanfatih.k12.tr;Hayır
cosmokompozit.com;Hayır
marmarasmmm.com;Hayır
focus-ed.com;Hayır
adabilim.com;Hayır
zerosenerji.com;Hayır
barclays.com;Hayır
arkadem.com;Hayır
ceopharma.com.tr;Hayır
knauf.com;Hayır
bilgilitekstil.com;Hayır
procontract.com.tr;Hayır
ymzmakine.com;Hayır
guncelyazilim.com.tr;Hayır
kendinyonet.com;Hayır
futon.com.tr;Hayır
kapimsan.com;Hayır
onsekbunke.com;Hayır
yagiziplik.com;Hayır
otosist.com;Hayır
tugmaner.com;Hayır
leoxendustri.com.tr;Hayır
volkerzimpara.com.tr;Hayır
akozbekler.com;Hayır
hepsipay.com;Hayır
antsa.com.tr;Hayır
pratiksistem.online;Hayır
saglampay.com.tr;Hayır
bmy.com.tr;Hayır
mebusaexport.com;Hayır
decovita.com.tr;Hayır
makroinsaat.com.tr;Hayır
yildizdemircelik.com.tr;Hayır
gsscommerce.com;Hayır
tg.org.tr;Hayır
bionsmekanik.com;Hayır
arksoft.com.tr;Hayır
tezcanun.com;Hayır
edusa.com.tr;Hayır
mizanhd.com;Hayır
huawei.com;Hayır
samsunavukatlikofisi.com;Hayır
ANY.PARTNERS;Hayır
Euroclear.com;Hayır
euroclear.com;Hayır
erdemirler.com;Hayır
ilkecar.com.tr;Hayır
ilketrafik.com;Hayır
adalet.gov;Hayır
enka.com;Hayır
naregitim.com;Hayır
bazaargida.com;Hayır
zirhlioglugida.com.tr;Hayır
kimtar.com.tr;Hayır
dusunc.com.tr;Hayır
ksemadencilik.com.tr;Hayır
apro.com.tr;Hayır
wilcotr.com;Hayır
esbah.com.tr;Hayır
ozbudak.com.tr;Hayır
bddk.org.tr;Hayır
windowslive.com;Hayır
akcadag.com.tr;Hayır
enercon.de;Hayır
addax.com.tr;Hayır
imamogullarishipping.com;Hayır
oyyocars.com;Hayır
gurses.com.tr;Hayır
a1portfoy.com;Hayır
fingate.io;Hayır
kastrokablo.com;Hayır
koksaltextile.com;Hayır
partner.turktelekom.com.tr;Hayır
gokeroto.com;Hayır
meram.bel.tr;Hayır
diyalogosgb.com;Hayır
otobid.com;Hayır
unvexport.com.tr;Hayır
barikat.com.tr;Hayır
akateks.com;Hayır
ktportfoy.com;Hayır
albarakaorme.com;Hayır
2mkinsaat.com;Hayır
bivayapiinsaat.com;Hayır
borusan.com;Hayır
borusannext.com;Hayır
avisosgb.com.tr;Hayır
elitenerji.com;Hayır
coskunoto.com.tr;Hayır
linktera.com;Hayır
dorukcnc.com.tr;Hayır
vdk.go;Hayır
tim.com.tr;Hayır
standardsnp.com;Hayır
intertek.com.tr;Hayır
uygunlar.com;Hayır
vadivilla.com;Hayır
assangroup.com.tr;Hayır
tmsf.org.tr;Hayır
formgroup.com;Hayır
baharsun.com;Hayır
goknur.com.tr;Hayır
metsan.gen.tr;Hayır
rotatelab.com;Hayır
partneraydinlatma.com;Hayır
asgtekstil.com;Hayır
outlook.com;Hayır
medsalus.com.tr;Hayır
amal-libya.com;Hayır
kone.com;Hayır
medmar.com;Hayır
easycep.com;Hayır
kelebekhukuk.com;Hayır
logosoft.com.tr;Hayır
palmet.com;Hayır
palmetpgg.com;Hayır
atmaca.com.tr;Hayır
turkbank.com.tr;Hayır
ipekyolupazarlama.com;Hayır
cihanlojistik.com.tr;Hayır
cbu.edu.tr;Hayır
yetev.org.tr;Hayır
foneva.co;Hayır
fonmap.com;Hayır
bag.com.tr;Hayır
ipekis.com.tr;Hayır
guncelgroup.com.tr;Hayır
pratiksistem.com;Hayır
porland.com;Hayır
penguenokulgerecleri.com;Hayır
istanbulhukuk.tc;Hayır
rapier.com.tr;Hayır
oztekoto.com.tr;Hayır
vepsas.com.tr;Hayır
ecemedikal.com.tr;Hayır
ubs.com;Hayır
dedemmekatronik.com;Hayır
haksanotomotiv.com;Hayır
egeendustri.net;Hayır
KONE.com;Hayır
atmaal.sa;Hayır
harran.edu.tr;Hayır
cetas.com.tr;Hayır
buyaka.com.tr;Hayır
volta.com.tr;Hayır
kurtaran.org;Hayır
vabenetekstil.com;Hayır
mukelmimarlik.com;Hayır
ekvatorenerji.com;Hayır
kutupenerji.com;Hayır
petrofer.com.tr;Hayır
moderngrup.com.tr;Hayır
drndanismanlik.com;Hayır
oztasmetalgrup.com;Hayır
outloock.com.tr;Hayır
kent.edu.tr;Hayır
hso.com.tr;Hayır
corodiamond.com.tr;Hayır
anadolusigorta.com.tr;Hayır
yazicisigorta.com;Hayır
optimalpmo.com;Hayır
elogo.com.tr;Hayır
gavinogroup.com;Hayır
mersaotomotiv.com.tr;Hayır
simdtm.com;Hayır
egeboru.com;Hayır
rtdisticaret.com;Hayır
takasbank.com.tr;Hayır
karplus.com.tr;Hayır
tsmglobal.com.tr;Hayır
tumetyapi.com;Hayır
bedirmakina.com;Hayır
akiner.com.tr;Hayır
dsign.com.tr;Hayır
turesta.com;Hayır
1915canakkale.com;Hayır
tr.gt.com;Hayır
korfeztatil.com.tr;Hayır
erbakan.edu.tr;Hayır
rellagida.com.tr;Hayır
ehgdoviz.com;Hayır
motorasin.com.tr;Hayır
tbkurumsal.com;Hayır
kampbu.com;Hayır
kw.ey.com;Hayır
qa.ey.com;Hayır
eryaoto.com.tr;Hayır
agrobestgrup.com;Hayır
petekplastik.com;Hayır
nurtascelik.com;Hayır
babal.com.tr;Hayır
talasdunyasi.com;Hayır
politeknikesp.com;Hayır
acewlt.com;Hayır
optimakstu.com;Hayır
tr.optimakstu.com;Hayır
live.nl;Hayır
kiliclar.com.tr;Hayır
artivearti.com;Hayır
abmgroup.com.tr;Hayır
ares.global;Hayır
bd-tercumanlik.com;Hayır
akode.com;Hayır
buluttahsilat.com;Hayır
kayaport.com;Hayır
suvari.com.tr;Hayır
navimaritime.com;Hayır
ozataavukatlik.com;Hayır
ttmail.com;Hayır
ankaradenetim.com.tr;Hayır
goldenglobalemtia.com.tr;Hayır
sif.com.tr;Hayır
akelderi.com;Hayır
ninovaekspertiz.com.tr;Hayır
sahibinden.com;Hayır
anatoliasondaj.com;Hayır
ode.al;Hayır
betonstar.com;Hayır
engumruk.com;Hayır
onermak.com.tr;Hayır
mfa.gov;Hayır
teknikaplast.com.tr;Hayır
hermakina.com.tr;Hayır
sentra.com.tr;Hayır
sfkticaret.com;Hayır
haksan.com.tr;Hayır
vimakina.com;Hayır
kalemvakfi.org.tr;Hayır
dogrugiyim.com;Hayır
sivas.av.tr;Hayır
aytasyemek.com;Hayır
hastalya.com.tr;Hayır
performportfoy.com;Hayır
katilimevim.com.tr;Hayır
gurlesunideri.com;Hayır
oguzmakinem.com;Hayır
arcaotomotiv.com.tr;Hayır
p.tech;Hayır
papel.com.tr;Hayır
sigortatahkim.org;Hayır
caytasinsaatgranit.com;Hayır
acelogistics.org;Hayır
skegrup.com.tr;Hayır
finrota.com;Hayır
otosemih.com;Hayır
sge.com.cn;Hayır
espromc.com.tr;Hayır
yenimarmarayapi.com;Hayır
kyk.com.tr;Hayır
bmsservis.com;Hayır
editdenetim.com;Hayır
pantopark.com;Hayır
merkezevleri.com;Hayır
senyonet.net;Hayır
kalekilit.com.tr;Hayır
nystudio.com.tr;Hayır
buluttabul.com;Hayır
er-eztextile.com;Hayır
nelkotextile.com;Hayır
torunmetal.com;Hayır
devoretex.com;Hayır
kulsan.com.tr;Hayır
marsneo.com;Hayır
adlittle.com;Hayır
arefsogutma.com;Hayır
buromodel.com.tr;Hayır
cariboucoffee.com.tr;Hayır
turkcellakillifaks.com;Hayır
vaditepekoop.com;Hayır
bdbmetal.com;Hayır
agaregzoz.com.tr;Hayır
karatas.web.tr;Hayır
cemretrafik.com.tr;Hayır
alsultansweets.com;Hayır
margrup.com;Hayır
kkb.com.tr;Hayır
tende.com.tr;Hayır
denizticariaraclar.com.tr;Hayır
tekinlojistik.com.tr;Hayır
ziraatbank.com;Hayır
canbrokerlik.com;Hayır
cansigorta.com.tr;Hayır
icdas.com.tr;Hayır
gemont.com.tr;Hayır
mitasindustry.com;Hayır
etkendetim.com;Hayır
egemgrup.com;Hayır
redcastle.com.tr;Hayır
panholding.com.tr;Hayır
asaloto.com.tr;Hayır
akingump.com;Hayır
maples.com;Hayır
ctnticaret.com;Hayır
3ddt.com.tr;Hayır
gurgencler.com;Hayır
avrupaotoyolu.com;Hayır
mtportfoy.com;Hayır
hamboya.com.tr;Hayır
lubratech.com.tr;Hayır
deneyimbd.com.tr;Hayır
reply.tesla.com;Hayır
irakplast.com;Hayır
r2servis.com.tr;Hayır
hakantekstil.com.tr;Hayır
yasardemirci.av.tr;Hayır
akvasigorta.com.tr;Hayır
fuzulyapi.com.tr;Hayır
asaflogistics.com;Hayır
cbd.ae;Hayır
bny.com;Hayır
ihlas.com.tr;Hayır
yazboya.com.tr;Hayır
duayencollection.com;Hayır
yepas.com;Hayır
gpnteknoloji.com;Hayır
samsunavukatkofisi.com;Hayır
denizistanbul.com;Hayır
kelesogluholding.com;Hayır
gunerler.com.tr;Hayır
lumarmarble.com;Hayır
sasmetal.com.tr;Hayır
aroma.com.tr;Hayır
borusanotomotiv.com;Hayır
palko.com.tr;Hayır
emsharfiyat.com.tr;Hayır
toggcare.com.tr;Hayır
mericmetal.com;Hayır
ripe.net;Hayır
etraholding.com;Hayır
octet.com.tr;Hayır
babacanyapi.com;Hayır
colakoglu.com.tr;Hayır
gfbasim.com;Hayır
dmgmori.com;Hayır
soncag.net;Hayır
barisambalaj.net;Hayır
brsygm.com;Hayır
testinium.com;Hayır
gultekinkuyumculuk.com;Hayır
talkmineral.com;Hayır
fliqa.com;Hayır
ismmmo.org.tr;Hayır
tuzunkardesler.com.tr;Hayır
uycmakine.com.tr;Hayır
vodafone.net.tr;Hayır
cosarsilver.com;Hayır
ozerelektrik.com;Hayır
biotekno.com.tr;Hayır
karatcarpet.com.tr;Hayır
90pixel.com;Hayır
hgiurfa.com;Hayır
cabir.com.tr;Hayır
tekkaroto.com;Hayır
toyotaistif.com;Hayır
pasaoglugida.com;Hayır
indexekonomi.com;Hayır
akyapi.com.tr;Hayır
dentrealmarket.com;Hayır
lorisparfum.com;Hayır
sampa.com;Hayır
efebydauto.com.tr;Hayır
btc-ag.com.tr;Hayır
vizyonpay.com;Hayır
aces-co.com;Hayır
atsoluklu.com.tr;Hayır
yavuzvarnali.com;Hayır
hondacem.com.tr;Hayır
mutluhan.com.tr;Hayır
benmark.com.tr;Hayır
kelesler.org;Hayır
kocsistem.com.tr;Hayır
Desmerguvenlik.com.tr;Hayır
sekerbank.com.tr;Hayır
dib.ae;Hayır
silka.com;Hayır
avm.com.tr;Hayır
keyyazilim.com;Hayır
kiracbilisim.com.tr;Hayır
zkr.com.tr;Hayır
albayrak.com.tr;Hayır
globemedbahrain.com;Hayır
kfhtakaful.com;Hayır
talaysilver.com.tr;Hayır
meltamtekstil.com;Hayır
paxmakina.com;Hayır
csit.com.tr;Hayır
dieboldnixdorf.com;Hayır
bilesim.net.tr;Hayır
mezcar.com.tr;Hayır
borusan.oto.com;Hayır
eksilioglu.com.tr;Hayır
wkhukuk.com;Hayır
ihsteknoloji.com;Hayır
fabo.com.tr;Hayır
ottomanboya.com.tr;Hayır
